,port,crude_absolute,crude_relative,diesel_absolute,diesel_relative
0,Houston,49656788,0.4469110924469111,2092433,0.30689021016015855
1,Singapore,119830011,0.4992917125,14456409,0.5975315815605053
2,Rotterdam,41910325,0.32929541141991875,70898194,0.7976046904760469
